{
  "test_file": "test_dataset.json",
  "num_queries": 15,
  "total_relevant_docs": 79,
  "avg_relevant_per_query": 5.266666666666667,
  "k_values": [
    5,
    10,
    20
  ],
  "metrics": {
    "MRR@5": 0.7466666666666666,
    "Recall@5": 0.5068783068783069,
    "Precision@5": 0.5466666666666667,
    "NDCG@5": 0.5913574964842642,
    "HitRate@5": 0.8666666666666667,
    "MRR@10": 0.7651851851851852,
    "Recall@10": 1.0,
    "Precision@10": 0.5266666666666666,
    "NDCG@10": 0.7772546047925193,
    "HitRate@10": 1.0,
    "MRR@20": 0.7651851851851852,
    "Recall@20": 1.0,
    "Precision@20": 0.2633333333333333,
    "NDCG@20": 0.7772546047925193,
    "HitRate@20": 1.0
  }
}